{"train": {"accuracy": [0.19072164595127106, 0.17947515845298767, 0.19681349396705627, 0.18462979793548584, 0.186035618185997, 0.1954076886177063, 0.17900656163692474, 0.18462979793548584, 0.18322399258613586, 0.1972821056842804, 0.18650421500205994, 0.1954076886177063, 0.18650421500205994, 0.17385192215442657, 0.1780693531036377, 0.1935332715511322, 0.19821929931640625, 0.18837863206863403, 0.1780693531036377, 0.19587628543376923, 0.186035618185997, 0.186035618185997, 0.18088097870349884, 0.18650421500205994, 0.19259606301784515, 0.18884722888469696, 0.1935332715511322, 0.18088097870349884, 0.18884722888469696, 0.17900656163692474, 0.189784437417984, 0.17900656163692474, 0.19212746620178223, 0.18088097870349884, 0.19447048008441925, 0.1916588544845581, 0.1841612011194229, 0.18744142353534698, 0.19306467473506927, 0.18697282671928406, 0.19306467473506927, 0.1879100352525711, 0.19306467473506927, 0.17947515845298767, 0.18837863206863403, 0.1799437701702118, 0.19119025766849518, 0.19119025766849518, 0.17666354775428772, 0.18041236698627472], "precision_micro": [0.19072164595127106, 0.17947515845298767, 0.19681349396705627, 0.18462979793548584, 0.186035618185997, 0.1954076886177063, 0.17900656163692474, 0.18462979793548584, 0.18322399258613586, 0.1972821056842804, 0.18650421500205994, 0.1954076886177063, 0.18650421500205994, 0.17385192215442657, 0.1780693531036377, 0.1935332715511322, 0.19821929931640625, 0.18837863206863403, 0.1780693531036377, 0.19587628543376923, 0.186035618185997, 0.186035618185997, 0.18088097870349884, 0.18650421500205994, 0.19259606301784515, 0.18884722888469696, 0.1935332715511322, 0.18088097870349884, 0.18884722888469696, 0.17900656163692474, 0.189784437417984, 0.17900656163692474, 0.19212746620178223, 0.18088097870349884, 0.19447048008441925, 0.1916588544845581, 0.1841612011194229, 0.18744142353534698, 0.19306467473506927, 0.18697282671928406, 0.19306467473506927, 0.1879100352525711, 0.19306467473506927, 0.17947515845298767, 0.18837863206863403, 0.1799437701702118, 0.19119025766849518, 0.19119025766849518, 0.17666354775428772, 0.18041236698627472], "recall_micro": [0.19072164595127106, 0.17947515845298767, 0.19681349396705627, 0.18462979793548584, 0.186035618185997, 0.1954076886177063, 0.17900656163692474, 0.18462979793548584, 0.18322399258613586, 0.1972821056842804, 0.18650421500205994, 0.1954076886177063, 0.18650421500205994, 0.17385192215442657, 0.1780693531036377, 0.1935332715511322, 0.19821929931640625, 0.18837863206863403, 0.1780693531036377, 0.19587628543376923, 0.186035618185997, 0.186035618185997, 0.18088097870349884, 0.18650421500205994, 0.19259606301784515, 0.18884722888469696, 0.1935332715511322, 0.18088097870349884, 0.18884722888469696, 0.17900656163692474, 0.189784437417984, 0.17900656163692474, 0.19212746620178223, 0.18088097870349884, 0.19447048008441925, 0.1916588544845581, 0.1841612011194229, 0.18744142353534698, 0.19306467473506927, 0.18697282671928406, 0.19306467473506927, 0.1879100352525711, 0.19306467473506927, 0.17947515845298767, 0.18837863206863403, 0.1799437701702118, 0.19119025766849518, 0.19119025766849518, 0.17666354775428772, 0.18041236698627472], "f1_micro": [0.19072166085243225, 0.17947515845298767, 0.19681347906589508, 0.18462978303432465, 0.186035618185997, 0.1954076886177063, 0.17900656163692474, 0.18462978303432465, 0.18322399258613586, 0.1972820907831192, 0.18650421500205994, 0.1954076886177063, 0.18650421500205994, 0.17385192215442657, 0.1780693531036377, 0.1935332715511322, 0.19821929931640625, 0.18837863206863403, 0.1780693531036377, 0.19587630033493042, 0.186035618185997, 0.186035618185997, 0.18088097870349884, 0.18650421500205994, 0.19259606301784515, 0.18884722888469696, 0.1935332715511322, 0.18088097870349884, 0.18884722888469696, 0.17900656163692474, 0.189784437417984, 0.17900656163692474, 0.19212746620178223, 0.18088097870349884, 0.19447048008441925, 0.1916588544845581, 0.1841612011194229, 0.1874414086341858, 0.19306467473506927, 0.18697284162044525, 0.19306467473506927, 0.1879100352525711, 0.19306467473506927, 0.17947515845298767, 0.18837863206863403, 0.1799437701702118, 0.19119025766849518, 0.19119025766849518, 0.17666354775428772, 0.18041236698627472], "precision_macro": [0.12892462313175201, 0.06985613703727722, 0.0651172399520874, 0.07801235467195511, 0.06175266206264496, 0.08492855727672577, 0.05791482701897621, 0.05747910961508751, 0.056682031601667404, 0.06459057331085205, 0.04142872989177704, 0.043396010994911194, 0.041409533470869064, 0.03654995560646057, 0.03882090374827385, 0.06144624948501587, 0.04486923664808273, 0.05456537753343582, 0.05045284703373909, 0.043455421924591064, 0.06351319700479507, 0.03585882857441902, 0.060782551765441895, 0.04142142832279205, 0.04465393349528313, 0.04251864552497864, 0.04283977299928665, 0.040119972079992294, 0.03808465227484703, 0.03932015597820282, 0.041849248111248016, 0.0338502936065197, 0.042026419192552567, 0.040118854492902756, 0.04413340985774994, 0.038280241191387177, 0.040554240345954895, 0.041707057505846024, 0.043354541063308716, 0.04153050482273102, 0.04316292703151703, 0.041801173239946365, 0.04233510047197342, 0.05945846810936928, 0.03894713148474693, 0.06011906638741493, 0.04252607002854347, 0.02124336175620556, 0.03889897093176842, 0.04017511382699013], "recall_macro": [0.12010795623064041, 0.107473224401474, 0.1179417073726654, 0.11159571260213852, 0.10989677906036377, 0.12075866758823395, 0.10593681782484055, 0.10814225673675537, 0.10685649514198303, 0.11715151369571686, 0.10838779807090759, 0.11356209218502045, 0.10838779807090759, 0.10103485733270645, 0.1034858450293541, 0.11397282034158707, 0.11519607901573181, 0.10969588160514832, 0.10367335379123688, 0.11383441835641861, 0.11195935308933258, 0.10811546444892883, 0.10840119421482086, 0.10838779807090759, 0.11192810535430908, 0.1097494587302208, 0.1124727725982666, 0.10511982440948486, 0.1097494587302208, 0.10403050482273102, 0.11029411852359772, 0.10403049737215042, 0.11165577918291092, 0.10511982440948486, 0.11301742494106293, 0.11138343811035156, 0.10702614486217499, 0.10893245786428452, 0.11220043152570724, 0.10866013169288635, 0.11220043152570724, 0.10920479893684387, 0.11220043152570724, 0.10727168619632721, 0.10947712510824203, 0.1082628071308136, 0.1111111119389534, 0.1111111119389534, 0.10266884416341782, 0.1048474982380867], "f1_macro": [0.10739284008741379, 0.08126182109117508, 0.08353246748447418, 0.08562327921390533, 0.07592012733221054, 0.09584412723779678, 0.073391392827034, 0.06949982047080994, 0.06353487074375153, 0.08187200129032135, 0.059925422072410583, 0.06217065826058388, 0.05984852835536003, 0.05129776522517204, 0.0551002100110054, 0.07707102596759796, 0.05966012924909592, 0.0644548088312149, 0.06036781519651413, 0.0628194808959961, 0.07831544429063797, 0.04642864316701889, 0.06966345757246017, 0.058460526168346405, 0.05366285890340805, 0.05935794115066528, 0.06118285655975342, 0.056047651916742325, 0.046846937388181686, 0.05464537814259529, 0.05721910670399666, 0.042466506361961365, 0.058485619723796844, 0.057956669479608536, 0.0555892251431942, 0.041678573936223984, 0.053220734000205994, 0.059475287795066833, 0.05285786837339401, 0.05985630303621292, 0.06146660074591637, 0.05946798995137215, 0.05218052119016647, 0.07631883025169373, 0.04467500373721123, 0.0772048830986023, 0.049680545926094055, 0.035667456686496735, 0.05550612881779671, 0.057617075741291046], "dataset_size": [2134],