{"train": {"accuracy": [0.5693533420562744, 0.18884722888469696, 0.18837863206863403, 0.17010308802127838, 0.189784437417984, 0.1780693531036377, 0.18744142353534698, 0.18837863206863403, 0.18041236698627472, 0.18322399258613586, 0.17713214457035065, 0.19025304913520813, 0.19447048008441925, 0.1991565078496933, 0.2010309249162674, 0.21696345508098602, 0.19868791103363037, 0.2263355255126953, 0.24226804077625275, 0.34020617604255676, 0.3711340129375458, 0.38800373673439026, 0.4423617720603943, 0.4198687970638275, 0.46110591292381287, 0.4850046932697296, 0.5206185579299927, 0.5346766710281372, 0.561855673789978, 0.5656045079231262, 0.5801312327384949, 0.5960637331008911, 0.6134020686149597, 0.638706624507904, 0.651358962059021, 0.6466729044914246, 0.6565135717391968, 0.6836925745010376, 0.6968135237693787, 0.7029053568840027, 0.7122774124145508, 0.7272727489471436, 0.7521086931228638, 0.753045916557312, 0.7863167524337769, 0.802717924118042, 0.7507029175758362, 0.8022493124008179, 0.8078725337982178, 0.8406748175621033], "precision_micro": [0.5693533420562744, 0.18884722888469696, 0.18837863206863403, 0.17010308802127838, 0.189784437417984, 0.1780693531036377, 0.18744142353534698, 0.18837863206863403, 0.18041236698627472, 0.18322399258613586, 0.17713214457035065, 0.19025304913520813, 0.19447048008441925, 0.1991565078496933, 0.2010309249162674, 0.21696345508098602, 0.19868791103363037, 0.2263355255126953, 0.24226804077625275, 0.34020617604255676, 0.3711340129375458, 0.38800373673439026, 0.4423617720603943, 0.4198687970638275, 0.46110591292381287, 0.4850046932697296, 0.5206185579299927, 0.5346766710281372, 0.561855673789978, 0.5656045079231262, 0.5801312327384949, 0.5960637331008911, 0.6134020686149597, 0.638706624507904, 0.651358962059021, 0.6466729044914246, 0.6565135717391968, 0.6836925745010376, 0.6968135237693787, 0.7029053568840027, 0.7122774124145508, 0.7272727489471436, 0.7521086931228638, 0.753045916557312, 0.7863167524337769, 0.802717924118042, 0.7507029175758362, 0.8022493124008179, 0.8078725337982178, 0.8406748175621033], "recall_micro": [0.5693533420562744, 0.18884722888469696, 0.18837863206863403, 0.17010308802127838, 0.189784437417984, 0.1780693531036377, 0.18744142353534698, 0.18837863206863403, 0.18041236698627472, 0.18322399258613586, 0.17713214457035065, 0.19025304913520813, 0.19447048008441925, 0.1991565078496933, 0.2010309249162674, 0.21696345508098602, 0.19868791103363037, 0.2263355255126953, 0.24226804077625275, 0.34020617604255676, 0.3711340129375458, 0.38800373673439026, 0.4423617720603943, 0.4198687970638275, 0.46110591292381287, 0.4850046932697296, 0.5206185579299927, 0.5346766710281372, 0.561855673789978, 0.5656045079231262, 0.5801312327384949, 0.5960637331008911, 0.6134020686149597, 0.638706624507904, 0.651358962059021, 0.6466729044914246, 0.6565135717391968, 0.6836925745010376, 0.6968135237693787, 0.7029053568840027, 0.7122774124145508, 0.7272727489471436, 0.7521086931228638, 0.753045916557312, 0.7863167524337769, 0.802717924118042, 0.7507029175758362, 0.8022493124008179, 0.8078725337982178, 0.8406748175621033], "f1_micro": [0.5693533420562744, 0.18884722888469696, 0.18837863206863403, 0.17010308802127838, 0.189784437417984, 0.1780693531036377, 0.1874414086341858, 0.18837863206863403, 0.18041236698627472, 0.18322399258613586, 0.17713214457035065, 0.19025306403636932, 0.19447048008441925, 0.1991565078496933, 0.2010309249162674, 0.21696345508098602, 0.19868791103363037, 0.2263355255126953, 0.24226804077625275, 0.34020617604255676, 0.3711339831352234, 0.38800370693206787, 0.4423617720603943, 0.4198687970638275, 0.46110591292381287, 0.4850046932697296, 0.5206185579299927, 0.5346766710281372, 0.561855673789978, 0.5656045079231262, 0.5801312327384949, 0.5960637331008911, 0.6134020686149597, 0.638706624507904, 0.651358962059021, 0.6466729044914246, 0.6565135717391968, 0.6836925745010376, 0.6968135237693787, 0.7029053568840027, 0.7122774124145508, 0.7272727489471436, 0.7521087527275085, 0.753045916557312, 0.7863168120384216, 0.802717924118042, 0.7507029175758362, 0.8022493124008179, 0.8078725337982178, 0.8406747579574585], "precision_macro": [0.542043924331665, 0.1809747964143753, 0.062071461230516434, 0.07537367939949036, 0.06295642256736755, 0.05631803721189499, 0.04113765060901642, 0.041257910430431366, 0.056899137794971466, 0.04852999746799469, 0.08017125725746155, 0.04186280071735382, 0.06643746793270111, 0.1295909881591797, 0.1381261944770813, 0.1098691076040268, 0.13493667542934418, 0.15753309428691864, 0.13419556617736816, 0.20130480825901031, 0.2358846366405487, 0.2930140793323517, 0.3201408088207245, 0.36547672748565674, 0.41152632236480713, 0.44425711035728455, 0.468022882938385, 0.4767626225948334, 0.4955873489379883, 0.5198579430580139, 0.5174065232276917, 0.5492944121360779, 0.5638676881790161, 0.7039374709129333, 0.6915667057037354, 0.7073285579681396, 0.6689288020133972, 0.7441002130508423, 0.7175495624542236, 0.7298493385314941, 0.7425014972686768, 0.7376598715782166, 0.7951422929763794, 0.7709658741950989, 0.8352590799331665, 0.84285569190979, 0.7687407732009888, 0.839135468006134, 0.8396049737930298, 0.8559502363204956], "recall_macro": [0.5087898969650269, 0.12703974545001984, 0.11169595271348953, 0.10758383572101593, 0.1115754172205925, 0.1046108826994896, 0.10893245786428452, 0.10947712510824203, 0.10525376349687576, 0.10654398798942566, 0.10616592317819595, 0.11056644469499588, 0.11426746845245361, 0.12320759892463684, 0.12440601736307144, 0.13723403215408325, 0.12723535299301147, 0.14891022443771362, 0.16237935423851013, 0.2512351870536804, 0.26937055587768555, 0.2956284284591675, 0.33905085921287537, 0.3588142991065979, 0.3872775435447693, 0.42152735590934753, 0.4698086977005005, 0.4972614645957947, 0.5105511546134949, 0.5115461349487305, 0.5412122011184692, 0.5467851161956787, 0.5679764151573181, 0.6107553243637085, 0.6549437046051025, 0.6056437492370605, 0.6405988931655884, 0.67759108543396, 0.7122875452041626, 0.7146630883216858, 0.702052652835846, 0.696099042892456, 0.7203251719474792, 0.7667127847671509, 0.7641732692718506, 0.827094554901123, 0.7325918674468994, 0.8291562795639038, 0.8174808025360107, 0.8505508899688721], "f1_macro": [0.5209646224975586, 0.11409102380275726, 0.07736033946275711, 0.08516588807106018, 0.0702376663684845, 0.06957636028528214, 0.0583452433347702, 0.05808156728744507, 0.06413254141807556, 0.05984465777873993, 0.08122089505195618, 0.05891484022140503, 0.07626792043447495, 0.0878889411687851, 0.101836197078228, 0.10016724467277527, 0.11535926908254623, 0.13029123842716217, 0.13934555649757385, 0.21168121695518494, 0.2309601902961731, 0.2708796262741089, 0.31090521812438965, 0.33660468459129333, 0.3728873133659363, 0.41617798805236816, 0.4620019197463989, 0.4821152687072754, 0.4954833984375, 0.5098888874053955, 0.5231281518936157, 0.5437742471694946, 0.5637107491493225, 0.6208786964416504, 0.6682605147361755, 0.6206449270248413, 0.6517531871795654, 0.6993328332901001, 0.7141249775886536, 0.7205743193626404, 0.7181043028831482, 0.7128311395645142, 0.7389086484909058, 0.7666863203048706, 0.7896424531936646, 0.8339088559150696, 0.7471967339515686, 0.833689272403717, 0.8268730640411377, 0.8529907464981079], "dataset_size": [2134],