{"train": {"accuracy": [0.5534207820892334, 0.19634489715099335, 0.21040299534797668, 0.1841612011194229, 0.20946578681468964, 0.27460169792175293, 0.30178070068359375, 0.3580131232738495, 0.4006560444831848, 0.38987815380096436, 0.405810683965683, 0.4554826617240906, 0.45501405000686646, 0.49109652638435364, 0.49343955516815186, 0.5215557813644409, 0.5421743392944336, 0.5323336720466614, 0.5604498386383057, 0.5712277293205261, 0.6026241779327393, 0.5988753437995911, 0.6119962334632874, 0.629334568977356, 0.6471415162086487, 0.651358962059021, 0.6621368527412415, 0.6846297979354858, 0.6527647376060486, 0.6930646896362305, 0.7516401410102844, 0.7708528637886047, 0.7858482003211975, 0.792877197265625, 0.8031864762306213, 0.8233364820480347, 0.7994377017021179, 0.851452648639679, 0.8725398182868958, 0.8509840965270996, 0.8805060982704163, 0.8922211527824402, 0.8997188210487366, 0.8978444337844849, 0.9025304317474365, 0.9090909361839294, 0.9203373789787292, 0.9231489896774292, 0.9301780462265015, 0.941424548625946], "precision_micro": [0.5534207820892334, 0.19634489715099335, 0.21040299534797668, 0.1841612011194229, 0.20946578681468964, 0.27460169792175293, 0.30178070068359375, 0.3580131232738495, 0.4006560444831848, 0.38987815380096436, 0.405810683965683, 0.4554826617240906, 0.45501405000686646, 0.49109652638435364, 0.49343955516815186, 0.5215557813644409, 0.5421743392944336, 0.5323336720466614, 0.5604498386383057, 0.5712277293205261, 0.6026241779327393, 0.5988753437995911, 0.6119962334632874, 0.629334568977356, 0.6471415162086487, 0.651358962059021, 0.6621368527412415, 0.6846297979354858, 0.6527647376060486, 0.6930646896362305, 0.7516401410102844, 0.7708528637886047, 0.7858482003211975, 0.792877197265625, 0.8031864762306213, 0.8233364820480347, 0.7994377017021179, 0.851452648639679, 0.8725398182868958, 0.8509840965270996, 0.8805060982704163, 0.8922211527824402, 0.8997188210487366, 0.8978444337844849, 0.9025304317474365, 0.9090909361839294, 0.9203373789787292, 0.9231489896774292, 0.9301780462265015, 0.941424548625946], "recall_micro": [0.5534207820892334, 0.19634489715099335, 0.21040299534797668, 0.1841612011194229, 0.20946578681468964, 0.27460169792175293, 0.30178070068359375, 0.3580131232738495, 0.4006560444831848, 0.38987815380096436, 0.405810683965683, 0.4554826617240906, 0.45501405000686646, 0.49109652638435364, 0.49343955516815186, 0.5215557813644409, 0.5421743392944336, 0.5323336720466614, 0.5604498386383057, 0.5712277293205261, 0.6026241779327393, 0.5988753437995911, 0.6119962334632874, 0.629334568977356, 0.6471415162086487, 0.651358962059021, 0.6621368527412415, 0.6846297979354858, 0.6527647376060486, 0.6930646896362305, 0.7516401410102844, 0.7708528637886047, 0.7858482003211975, 0.792877197265625, 0.8031864762306213, 0.8233364820480347, 0.7994377017021179, 0.851452648639679, 0.8725398182868958, 0.8509840965270996, 0.8805060982704163, 0.8922211527824402, 0.8997188210487366, 0.8978444337844849, 0.9025304317474365, 0.9090909361839294, 0.9203373789787292, 0.9231489896774292, 0.9301780462265015, 0.941424548625946], "f1_micro": [0.5534207820892334, 0.19634489715099335, 0.21040299534797668, 0.1841612011194229, 0.20946577191352844, 0.27460169792175293, 0.30178070068359375, 0.3580131232738495, 0.4006560444831848, 0.38987815380096436, 0.405810683965683, 0.4554826617240906, 0.45501405000686646, 0.49109652638435364, 0.49343955516815186, 0.5215557813644409, 0.5421743392944336, 0.5323336720466614, 0.5604498386383057, 0.5712277293205261, 0.6026241779327393, 0.5988753437995911, 0.6119962334632874, 0.629334568977356, 0.6471415162086487, 0.651358962059021, 0.6621368527412415, 0.6846297979354858, 0.6527647376060486, 0.6930646896362305, 0.7516401410102844, 0.7708528637886047, 0.7858482003211975, 0.792877197265625, 0.8031864762306213, 0.8233364820480347, 0.7994376420974731, 0.851452648639679, 0.8725398182868958, 0.8509840369224548, 0.8805060982704163, 0.8922211527824402, 0.8997188210487366, 0.8978444337844849, 0.9025304317474365, 0.9090909361839294, 0.9203373789787292, 0.9231489896774292, 0.9301780462265015, 0.941424548625946], "precision_macro": [0.498918741941452, 0.19638817012310028, 0.09799936413764954, 0.06140066683292389, 0.0936242863535881, 0.11688029766082764, 0.2064550518989563, 0.21026408672332764, 0.24966928362846375, 0.2936508357524872, 0.3267506957054138, 0.4034239947795868, 0.4312291741371155, 0.4469883143901825, 0.43993836641311646, 0.47398218512535095, 0.4910101294517517, 0.4871063232421875, 0.5067334175109863, 0.5308940410614014, 0.5541344881057739, 0.552735447883606, 0.5693024396896362, 0.696384608745575, 0.5979602932929993, 0.7139124870300293, 0.7327439188957214, 0.6902949810028076, 0.6732538938522339, 0.6389460563659668, 0.7836838364601135, 0.8279104232788086, 0.7840386033058167, 0.8434627056121826, 0.8356152772903442, 0.867249608039856, 0.8472159504890442, 0.8744016289710999, 0.8769638538360596, 0.8561846613883972, 0.9137594699859619, 0.894557535648346, 0.9271044135093689, 0.9050273895263672, 0.9292271137237549, 0.9309408664703369, 0.9251525402069092, 0.9450995326042175, 0.9491472244262695, 0.959686815738678], "recall_macro": [0.4981613755226135, 0.12907753884792328, 0.12826016545295715, 0.10980749130249023, 0.12825804948806763, 0.1719025820493698, 0.19140039384365082, 0.2534261643886566, 0.28577572107315063, 0.2841757833957672, 0.2928175926208496, 0.35587042570114136, 0.37499040365219116, 0.4152742624282837, 0.42769432067871094, 0.462496817111969, 0.4903447926044464, 0.48728105425834656, 0.4953395426273346, 0.5316677689552307, 0.5536938905715942, 0.5603269338607788, 0.5643332004547119, 0.5959277153015137, 0.5881624817848206, 0.6541639566421509, 0.6619512438774109, 0.6888344287872314, 0.6733726263046265, 0.6310140490531921, 0.7508420944213867, 0.7734643220901489, 0.7710752487182617, 0.7770503163337708, 0.8253338932991028, 0.8589351177215576, 0.794444739818573, 0.8833993077278137, 0.8808589577674866, 0.8655736446380615, 0.8685396909713745, 0.9170410633087158, 0.905060350894928, 0.9019124507904053, 0.9065229892730713, 0.9131515026092529, 0.9384590983390808, 0.9246905446052551, 0.9498078227043152, 0.9592261910438538], "f1_macro": [0.4967101514339447, 0.120987668633461, 0.09588778018951416, 0.07620525360107422, 0.10375799238681793, 0.12899377942085266, 0.15416885912418365, 0.2102590948343277, 0.24540069699287415, 0.25161489844322205, 0.2614993751049042, 0.33903661370277405, 0.37053969502449036, 0.4161680042743683, 0.42368990182876587, 0.4563608765602112, 0.48581090569496155, 0.48172909021377563, 0.4899997115135193, 0.5263631939888, 0.551321804523468, 0.5521789789199829, 0.5627939701080322, 0.6096648573875427, 0.5896919965744019, 0.6708581447601318, 0.6845723986625671, 0.6867271065711975, 0.6719850897789001, 0.6317450404167175, 0.7642254829406738, 0.7950754761695862, 0.7766082286834717, 0.7996271848678589, 0.829796314239502, 0.8626278638839722, 0.8154804706573486, 0.8779110312461853, 0.8778631687164307, 0.8602432608604431, 0.887099027633667, 0.9037027359008789, 0.9150781631469727, 0.9032334089279175, 0.9167675375938416, 0.921035647392273, 0.9310871958732605, 0.9339169263839722, 0.9494496583938599, 0.9593364000320435], "dataset_size": [2134],