{"train": {"accuracy": [0.20618556439876556, 0.16447985172271729, 0.18134957551956177, 0.19962511956691742, 0.1611996293067932, 0.1935332715511322, 0.1799437701702118, 0.18041236698627472, 0.18509840965270996, 0.17666354775428772, 0.18322399258613586, 0.17947515845298767, 0.18088097870349884, 0.17713214457035065, 0.186035618185997, 0.1841612011194229, 0.18650421500205994, 0.18322399258613586, 0.18462979793548584, 0.18509840965270996, 0.18462979793548584, 0.18837863206863403, 0.186035618185997, 0.18462979793548584, 0.18041236698627472, 0.18650421500205994, 0.186035618185997, 0.1879100352525711, 0.18462979793548584, 0.1818181872367859, 0.18697282671928406, 0.1916588544845581, 0.19119025766849518, 0.18931584060192108, 0.18697282671928406, 0.1761949360370636, 0.19400186836719513, 0.1799437701702118, 0.18275539577007294, 0.18228678405284882, 0.19119025766849518, 0.1841612011194229, 0.19119025766849518, 0.1780693531036377, 0.1841612011194229, 0.17713214457035065, 0.18509840965270996, 0.19119025766849518, 0.19259606301784515, 0.19259606301784515], "precision_micro": [0.20618556439876556, 0.16447985172271729, 0.18134957551956177, 0.19962511956691742, 0.1611996293067932, 0.1935332715511322, 0.1799437701702118, 0.18041236698627472, 0.18509840965270996, 0.17666354775428772, 0.18322399258613586, 0.17947515845298767, 0.18088097870349884, 0.17713214457035065, 0.186035618185997, 0.1841612011194229, 0.18650421500205994, 0.18322399258613586, 0.18462979793548584, 0.18509840965270996, 0.18462979793548584, 0.18837863206863403, 0.186035618185997, 0.18462979793548584, 0.18041236698627472, 0.18650421500205994, 0.186035618185997, 0.1879100352525711, 0.18462979793548584, 0.1818181872367859, 0.18697282671928406, 0.1916588544845581, 0.19119025766849518, 0.18931584060192108, 0.18697282671928406, 0.1761949360370636, 0.19400186836719513, 0.1799437701702118, 0.18275539577007294, 0.18228678405284882, 0.19119025766849518, 0.1841612011194229, 0.19119025766849518, 0.1780693531036377, 0.1841612011194229, 0.17713214457035065, 0.18509840965270996, 0.19119025766849518, 0.19259606301784515, 0.19259606301784515], "recall_micro": [0.20618556439876556, 0.16447985172271729, 0.18134957551956177, 0.19962511956691742, 0.1611996293067932, 0.1935332715511322, 0.1799437701702118, 0.18041236698627472, 0.18509840965270996, 0.17666354775428772, 0.18322399258613586, 0.17947515845298767, 0.18088097870349884, 0.17713214457035065, 0.186035618185997, 0.1841612011194229, 0.18650421500205994, 0.18322399258613586, 0.18462979793548584, 0.18509840965270996, 0.18462979793548584, 0.18837863206863403, 0.186035618185997, 0.18462979793548584, 0.18041236698627472, 0.18650421500205994, 0.186035618185997, 0.1879100352525711, 0.18462979793548584, 0.1818181872367859, 0.18697282671928406, 0.1916588544845581, 0.19119025766849518, 0.18931584060192108, 0.18697282671928406, 0.1761949360370636, 0.19400186836719513, 0.1799437701702118, 0.18275539577007294, 0.18228678405284882, 0.19119025766849518, 0.1841612011194229, 0.19119025766849518, 0.1780693531036377, 0.1841612011194229, 0.17713214457035065, 0.18509840965270996, 0.19119025766849518, 0.19259606301784515, 0.19259606301784515], "f1_micro": [0.20618556439876556, 0.16447985172271729, 0.18134957551956177, 0.19962510466575623, 0.1611996293067932, 0.1935332715511322, 0.1799437701702118, 0.18041236698627472, 0.18509840965270996, 0.17666354775428772, 0.18322399258613586, 0.17947515845298767, 0.18088097870349884, 0.17713214457035065, 0.186035618185997, 0.1841612011194229, 0.18650421500205994, 0.18322399258613586, 0.18462978303432465, 0.18509840965270996, 0.18462978303432465, 0.18837863206863403, 0.186035618185997, 0.18462978303432465, 0.18041236698627472, 0.18650421500205994, 0.186035618185997, 0.1879100352525711, 0.18462978303432465, 0.1818181872367859, 0.18697284162044525, 0.1916588544845581, 0.19119025766849518, 0.18931585550308228, 0.18697284162044525, 0.1761949360370636, 0.19400185346603394, 0.1799437701702118, 0.18275539577007294, 0.18228678405284882, 0.19119025766849518, 0.1841612011194229, 0.19119025766849518, 0.1780693531036377, 0.1841612011194229, 0.17713214457035065, 0.18509840965270996, 0.19119025766849518, 0.19259606301784515, 0.19259606301784515], "precision_macro": [0.1160612478852272, 0.09984332323074341, 0.07551319152116776, 0.06591295450925827, 0.053689539432525635, 0.06385441869497299, 0.054925426840782166, 0.05995742976665497, 0.05902969092130661, 0.05865548551082611, 0.05724245309829712, 0.05292771756649017, 0.05607568472623825, 0.03931354731321335, 0.05923077091574669, 0.06330201029777527, 0.040817346423864365, 0.0572725348174572, 0.04085490480065346, 0.03789856657385826, 0.041014306247234344, 0.04247269034385681, 0.04073917865753174, 0.040999338030815125, 0.054517850279808044, 0.0413101464509964, 0.03992340341210365, 0.04171578213572502, 0.0410570465028286, 0.04049040749669075, 0.03847336769104004, 0.043231185525655746, 0.02124336175620556, 0.03998788446187973, 0.038975443691015244, 0.0391976423561573, 0.04211391881108284, 0.061047837138175964, 0.035417184233665466, 0.05859024077653885, 0.02124336175620556, 0.040855906903743744, 0.02124336175620556, 0.03767857328057289, 0.04022934287786484, 0.055818114429712296, 0.039978988468647, 0.02124336175620556, 0.0422888807952404, 0.03962648659944534], "recall_macro": [0.12758173048496246, 0.10904049873352051, 0.11010674387216568, 0.11766938120126724, 0.09755705296993256, 0.11519161611795425, 0.1093253344297409, 0.10891013592481613, 0.10850834101438522, 0.10510643571615219, 0.10704399645328522, 0.10474035143852234, 0.10540108382701874, 0.10294118523597717, 0.10886549204587936, 0.11183881759643555, 0.10838779807090759, 0.10732526332139969, 0.10729847103357315, 0.10757080465555191, 0.10729847103357315, 0.10947712510824203, 0.10811546444892883, 0.10729847103357315, 0.10559752583503723, 0.10838779807090759, 0.10811546444892883, 0.10920479893684387, 0.10729847103357315, 0.10566449165344238, 0.10866013169288635, 0.11138343811035156, 0.1111111119389534, 0.11002179235219955, 0.10866013169288635, 0.10239651799201965, 0.11274509876966476, 0.10795029252767563, 0.1062091514468193, 0.10793688893318176, 0.1111111119389534, 0.10702613741159439, 0.1111111119389534, 0.1034858450293541, 0.10702613741159439, 0.10412871837615967, 0.10757080465555191, 0.1111111119389534, 0.11192810535430908, 0.11192810535430908], "f1_macro": [0.10806458443403244, 0.09981700778007507, 0.08306528627872467, 0.08025659620761871, 0.06881958246231079, 0.0810188576579094, 0.05965118855237961, 0.07566363364458084, 0.07049035280942917, 0.07422459870576859, 0.06600476056337357, 0.06336556375026703, 0.06268559396266937, 0.05682530626654625, 0.062022216618061066, 0.07036033272743225, 0.050354793667793274, 0.06860236078500748, 0.059058453887701035, 0.04985858500003815, 0.0591106154024601, 0.057638511061668396, 0.055832818150520325, 0.05873839184641838, 0.06440553069114685, 0.05773530900478363, 0.04664302244782448, 0.057776570320129395, 0.05938461050391197, 0.057584743946790695, 0.046004727482795715, 0.0431160144507885, 0.035667456686496735, 0.04798964783549309, 0.04113312065601349, 0.05576305091381073, 0.05557446926832199, 0.07391852140426636, 0.04138483107089996, 0.0749950259923935, 0.035667456686496735, 0.05882948637008667, 0.035667456686496735, 0.04978733882308006, 0.05600939691066742, 0.06460913270711899, 0.054730966687202454, 0.035667456686496735, 0.048794325441122055, 0.042218901216983795], "dataset_size": [2134],