{"train": {"accuracy": [0.5431115031242371, 0.17947515845298767, 0.20056232810020447, 0.1935332715511322, 0.19587628543376923, 0.20665417611598969, 0.22727273404598236, 0.20618556439876556, 0.23898781836032867, 0.23992502689361572, 0.23711340129375458, 0.26522961258888245, 0.27460169792175293, 0.30131208896636963, 0.28631678223609924, 0.29803186655044556, 0.2952202558517456, 0.342549204826355, 0.37863168120384216, 0.42033740878105164, 0.4081537127494812, 0.39925023913383484, 0.44329896569252014, 0.46672913432121277, 0.46626055240631104, 0.47563260793685913, 0.48172447085380554, 0.5074976682662964, 0.4943767488002777, 0.5342080593109131, 0.5473289489746094, 0.5468603372573853, 0.5473289489746094, 0.5571696162223816, 0.5759137868881226, 0.5824742317199707, 0.5913776755332947, 0.6035614013671875, 0.6091846227645874, 0.6012183427810669, 0.6255857348442078, 0.6504217386245728, 0.6494845151901245, 0.6401124596595764, 0.6804123520851135, 0.6766635179519653, 0.6644798517227173, 0.6827554106712341, 0.7141517996788025, 0.4465791881084442], "precision_micro": [0.5431115031242371, 0.17947515845298767, 0.20056232810020447, 0.1935332715511322, 0.19587628543376923, 0.20665417611598969, 0.22727273404598236, 0.20618556439876556, 0.23898781836032867, 0.23992502689361572, 0.23711340129375458, 0.26522961258888245, 0.27460169792175293, 0.30131208896636963, 0.28631678223609924, 0.29803186655044556, 0.2952202558517456, 0.342549204826355, 0.37863168120384216, 0.42033740878105164, 0.4081537127494812, 0.39925023913383484, 0.44329896569252014, 0.46672913432121277, 0.46626055240631104, 0.47563260793685913, 0.48172447085380554, 0.5074976682662964, 0.4943767488002777, 0.5342080593109131, 0.5473289489746094, 0.5468603372573853, 0.5473289489746094, 0.5571696162223816, 0.5759137868881226, 0.5824742317199707, 0.5913776755332947, 0.6035614013671875, 0.6091846227645874, 0.6012183427810669, 0.6255857348442078, 0.6504217386245728, 0.6494845151901245, 0.6401124596595764, 0.6804123520851135, 0.6766635179519653, 0.6644798517227173, 0.6827554106712341, 0.7141517996788025, 0.4465791881084442], "recall_micro": [0.5431115031242371, 0.17947515845298767, 0.20056232810020447, 0.1935332715511322, 0.19587628543376923, 0.20665417611598969, 0.22727273404598236, 0.20618556439876556, 0.23898781836032867, 0.23992502689361572, 0.23711340129375458, 0.26522961258888245, 0.27460169792175293, 0.30131208896636963, 0.28631678223609924, 0.29803186655044556, 0.2952202558517456, 0.342549204826355, 0.37863168120384216, 0.42033740878105164, 0.4081537127494812, 0.39925023913383484, 0.44329896569252014, 0.46672913432121277, 0.46626055240631104, 0.47563260793685913, 0.48172447085380554, 0.5074976682662964, 0.4943767488002777, 0.5342080593109131, 0.5473289489746094, 0.5468603372573853, 0.5473289489746094, 0.5571696162223816, 0.5759137868881226, 0.5824742317199707, 0.5913776755332947, 0.6035614013671875, 0.6091846227645874, 0.6012183427810669, 0.6255857348442078, 0.6504217386245728, 0.6494845151901245, 0.6401124596595764, 0.6804123520851135, 0.6766635179519653, 0.6644798517227173, 0.6827554106712341, 0.7141517996788025, 0.4465791881084442], "f1_micro": [0.5431115031242371, 0.17947515845298767, 0.20056232810020447, 0.1935332715511322, 0.19587630033493042, 0.20665417611598969, 0.22727273404598236, 0.20618556439876556, 0.23898781836032867, 0.23992502689361572, 0.23711340129375458, 0.26522961258888245, 0.27460169792175293, 0.30131208896636963, 0.28631678223609924, 0.29803186655044556, 0.2952202558517456, 0.342549204826355, 0.37863171100616455, 0.42033737897872925, 0.4081537127494812, 0.39925020933151245, 0.44329893589019775, 0.46672913432121277, 0.46626055240631104, 0.47563260793685913, 0.48172447085380554, 0.5074976682662964, 0.4943767488002777, 0.5342080593109131, 0.5473289489746094, 0.5468603372573853, 0.5473289489746094, 0.5571696162223816, 0.5759137868881226, 0.5824742317199707, 0.5913776755332947, 0.6035614013671875, 0.6091846227645874, 0.6012183427810669, 0.6255857348442078, 0.6504217386245728, 0.6494845151901245, 0.6401124596595764, 0.6804123520851135, 0.6766635179519653, 0.6644798517227173, 0.6827554106712341, 0.7141517996788025, 0.4465791881084442], "precision_macro": [0.48997804522514343, 0.10933177918195724, 0.0646902397274971, 0.07331144064664841, 0.06615853309631348, 0.12654152512550354, 0.1060946136713028, 0.14702294766902924, 0.1278335601091385, 0.13255253434181213, 0.15914088487625122, 0.180986225605011, 0.1870870590209961, 0.17266735434532166, 0.18787811696529388, 0.20928926765918732, 0.19978071749210358, 0.26761022210121155, 0.3090559244155884, 0.317368745803833, 0.30619609355926514, 0.2963138818740845, 0.3232951760292053, 0.3621959090232849, 0.4665459096431732, 0.429837167263031, 0.43112799525260925, 0.4517509639263153, 0.4353243410587311, 0.4817007780075073, 0.5020124316215515, 0.6078565120697021, 0.5716081261634827, 0.6251471638679504, 0.5753862857818604, 0.5706973671913147, 0.59889817237854, 0.5769699215888977, 0.6210827827453613, 0.6373456716537476, 0.6562785506248474, 0.6825858354568481, 0.7259349822998047, 0.7207918763160706, 0.7167585492134094, 0.7124751806259155, 0.7089436054229736, 0.7362715601921082, 0.7591359615325928, 0.42099252343177795], "recall_macro": [0.47837597131729126, 0.11921996623277664, 0.11827654391527176, 0.11303528398275375, 0.11639700829982758, 0.14282463490962982, 0.14650829136371613, 0.14509382843971252, 0.15891583263874054, 0.16431918740272522, 0.16487765312194824, 0.20326443016529083, 0.20372506976127625, 0.2187056541442871, 0.2265017330646515, 0.2330600470304489, 0.21396587789058685, 0.25831159949302673, 0.29281437397003174, 0.3280528783798218, 0.3102211356163025, 0.32325470447540283, 0.34925803542137146, 0.36594849824905396, 0.37715280055999756, 0.4061116576194763, 0.42316368222236633, 0.4571390748023987, 0.43586084246635437, 0.4872945249080658, 0.5035795569419861, 0.5250353217124939, 0.5618810057640076, 0.5554349422454834, 0.5719689726829529, 0.55164635181427, 0.5838547348976135, 0.5543017983436584, 0.6089317798614502, 0.5940183997154236, 0.6320621967315674, 0.6480410099029541, 0.6185813546180725, 0.6473547220230103, 0.7138903141021729, 0.6882506608963013, 0.679878294467926, 0.6913474202156067, 0.7481235861778259, 0.38476184010505676], "f1_macro": [0.48278236389160156, 0.10224238783121109, 0.0799604281783104, 0.0699796974658966, 0.08242665231227875, 0.12330476194620132, 0.11863834410905838, 0.13532817363739014, 0.1307627558708191, 0.13704784214496613, 0.14253032207489014, 0.1686897873878479, 0.1887332797050476, 0.1855294108390808, 0.18849320709705353, 0.20403803884983063, 0.18113836646080017, 0.2360197752714157, 0.2546592354774475, 0.3005245625972748, 0.27875542640686035, 0.29180237650871277, 0.3195117712020874, 0.3454676568508148, 0.3563406765460968, 0.38993021845817566, 0.4162651300430298, 0.4458202123641968, 0.42286989092826843, 0.478620320558548, 0.4944952428340912, 0.5290575623512268, 0.5610663890838623, 0.5665859580039978, 0.5710647702217102, 0.5539889931678772, 0.5879351496696472, 0.5619872808456421, 0.6135303974151611, 0.6065603494644165, 0.6404455900192261, 0.6604447960853577, 0.6365897059440613, 0.6710474491119385, 0.7104319930076599, 0.696577787399292, 0.6901158094406128, 0.7091244459152222, 0.751681387424469, 0.38263019919395447], "dataset_size": [2134],